4615,Returned
7738,Returned
5457,Returned
5764,Returned
5194,Returned
3722,Returned
3406,Returned
7562,Returned
5779,Returned
6654,Returned
6559,Returned
7103,Returned
4929,Returned
1842,Returned
5349,Returned
655,Returned
5085,Returned
2338,Returned
2129,Returned
2721,Returned
4295,Returned
8053,Returned
3335,Returned
5407,Returned
4843,Returned
1093,Returned
6176,Returned
784,Returned
7151,Returned
2720,Returned
3438,Returned
1955,Returned
2521,Returned
5278,Returned
2543,Returned
7149,Returned
7330,Returned
8046,Returned
2841,Returned
3378,Returned
7729,Returned
2383,Returned
183,Returned
2912,Returned
1228,Returned
7764,Returned
7556,Returned
544,Returned
6382,Returned
2256,Returned
4803,Returned
1716,Returned
6237,Returned
444,Returned
6417,Returned
1329,Returned
798,Returned
1613,Returned
1105,Returned
7746,Returned
5937,Returned
2017,Returned
1020,Returned
2676,Returned
1623,Returned
276,Returned
6420,Returned
6666,Returned
7649,Returned
6643,Returned
2864,Returned
6946,Returned
2964,Returned
1645,Returned
1828,Returned
3531,Returned
4223,Returned
6553,Returned
4451,Returned
5816,Returned
5962,Returned
7956,Returned
1539,Returned
7092,Returned
7906,Returned
1876,Returned
4742,Returned
5829,Returned
5206,Returned
3229,Returned
5935,Returned
4199,Returned
6305,Returned
6193,Returned
727,Returned
5543,Returned
6188,Returned
7571,Returned
6393,Returned
7058,Returned
7243,Returned
6390,Returned
4336,Returned
7645,Returned
224,Returned
3474,Returned
3600,Returned
7741,Returned
1446,Returned
3231,Returned
4772,Returned
2067,Returned
4129,Returned
6176,Returned
7187,Returned
835,Returned
3855,Returned
4355,Returned
2055,Returned
7719,Returned
7153,Returned
1022,Returned
2579,Returned
1266,Returned
4129,Returned
432,Returned
5885,Returned
5901,Returned
6044,Returned
6182,Returned
5189,Returned
1499,Returned
2631,Returned
7325,Returned
5921,Returned
2776,Returned
6667,Returned
1682,Returned
5776,Returned
2966,Returned
2181,Returned
5971,Returned
7436,Returned
3160,Returned
6885,Returned
4775,Returned
5057,Returned
4193,Returned
5718,Returned
689,Returned
903,Returned
4736,Returned
1045,Returned
5667,Returned
6415,Returned
2685,Returned
5167,Returned
7173,Returned
4377,Returned
8060,Returned
3847,Returned
154,Returned
5113,Returned
281,Returned
1044,Returned
1257,Returned
1246,Returned
7935,Returned
4330,Returned
4675,Returned
5075,Returned
4701,Returned
4491,Returned
6297,Returned
4641,Returned
7697,Returned
3644,Returned
4916,Returned
4065,Returned
5420,Returned
2975,Returned
5920,Returned
7953,Returned
4822,Returned
6989,Returned
2956,Returned
7636,Returned
1351,Returned
5737,Returned
3950,Returned
4095,Returned
4182,Returned
5742,Returned
4589,Returned
4870,Returned
7460,Returned
6047,Returned
5066,Returned
5648,Returned
3032,Returned
3539,Returned
2223,Returned
7102,Returned
1583,Returned
3578,Returned
5887,Returned
1687,Returned
2613,Returned
6109,Returned
7515,Returned
1333,Returned
6471,Returned
5420,Returned
6593,Returned
1502,Returned
2338,Returned
3985,Returned
406,Returned
427,Returned
1416,Returned
5651,Returned
7554,Returned
1109,Returned
7955,Returned
2053,Returned
2697,Returned
7180,Returned
6147,Returned
1361,Returned
7753,Returned
3957,Returned
6938,Returned
4688,Returned
2861,Returned
5626,Returned
4161,Returned
1008,Returned
7644,Returned
4735,Returned
7082,Returned
7695,Returned
6146,Returned
7217,Returned
6271,Returned
7193,Returned
4012,Returned
6537,Returned
970,Returned
7743,Returned
2647,Returned
6189,Returned
1888,Returned
3515,Returned
1580,Returned
2689,Returned
8031,Returned
3191,Returned
6438,Returned
1298,Returned
3763,Returned
5837,Returned
5084,Returned
728,Returned
4029,Returned
7564,Returned
6945,Returned
6792,Returned
320,Returned
2473,Returned
342,Returned
1875,Returned
2563,Returned
6190,Returned
282,Returned
2124,Returned
355,Returned
3890,Returned
1268,Returned
7942,Returned
597,Returned
94,Returned
1128,Returned
7333,Returned
3113,Returned
5904,Returned
6634,Returned
1872,Returned
5282,Returned
7561,Returned
6645,Returned
3340,Returned
3050,Returned
4229,Returned
765,Returned
3965,Returned
476,Returned
3664,Returned
5510,Returned
6145,Returned
4233,Returned
3837,Returned
7772,Returned
4181,Returned
3879,Returned
3633,Returned
3429,Returned
7984,Returned
6350,Returned
5417,Returned
1410,Returned
3830,Returned
4517,Returned
4789,Returned
502,Returned
2060,Returned
3320,Returned
5944,Returned
2781,Returned
6087,Returned
5401,Returned
78,Returned
7357,Returned
5059,Returned
4887,Returned
3493,Returned
1798,Returned
6248,Returned
5223,Returned
2406,Returned
7186,Returned
6230,Returned
5075,Returned
7416,Returned
1274,Returned
4534,Returned
1801,Returned
2826,Returned
5741,Returned
225,Returned
2342,Returned
1462,Returned
3549,Returned
4439,Returned
1545,Returned
1591,Returned
3582,Returned
2432,Returned
1352,Returned
6981,Returned
704,Returned
120,Returned
3058,Returned
1620,Returned
7392,Returned
1049,Returned
1884,Returned
4334,Returned
7487,Returned
6897,Returned
5028,Returned
2918,Returned
3212,Returned
5312,Returned
6708,Returned
6252,Returned
2614,Returned
2019,Returned
738,Returned
1418,Returned
3233,Returned
6593,Returned
7197,Returned
1447,Returned
6270,Returned
4833,Returned
941,Returned
3562,Returned
5012,Returned
2976,Returned
5074,Returned
5082,Returned
890,Returned
2245,Returned
7393,Returned
7003,Returned
5645,Returned
6544,Returned
5653,Returned
2299,Returned
7108,Returned
5131,Returned
715,Returned
4586,Returned
395,Returned
3940,Returned
5004,Returned
4390,Returned
7831,Returned
6838,Returned
136,Returned
1359,Returned
7134,Returned
5873,Returned
4271,Returned
4437,Returned
7197,Returned
7242,Returned
1550,Returned
7340,Returned
4806,Returned
3795,Returned
7767,Returned
1610,Returned
5626,Returned
6757,Returned
1727,Returned
7561,Returned
5137,Returned
7181,Returned
7537,Returned
47,Returned
4843,Returned
6512,Returned
2862,Returned
3542,Returned
1730,Returned
2977,Returned
4467,Returned
4481,Returned
5242,Returned
6627,Returned
5534,Returned
5944,Returned
2245,Returned
2295,Returned
6059,Returned
2827,Returned
5937,Returned
3139,Returned
842,Returned
4547,Returned
6148,Returned
1781,Returned
5297,Returned
5422,Returned
6234,Returned
4497,Returned
3490,Returned
6045,Returned
1307,Returned
1883,Returned
3744,Returned
508,Returned
5753,Returned
167,Returned
6134,Returned
6421,Returned
3469,Returned
4822,Returned
2379,Returned
5248,Returned
1321,Returned
3551,Returned
3223,Returned
5168,Returned
6816,Returned
5849,Returned
3035,Returned
5174,Returned
3562,Returned
5233,Returned
821,Returned
3507,Returned
2586,Returned
5963,Returned
5148,Returned
7445,Returned
566,Returned
66,Returned
6374,Returned
1499,Returned
5449,Returned
906,Returned
4971,Returned
2001,Returned
3158,Returned
103,Returned
1056,Returned
1062,Returned
4611,Returned
3891,Returned
3470,Returned
5078,Returned
3680,Returned
1540,Returned
5489,Returned
5502,Returned
7380,Returned
7222,Returned
1061,Returned
7451,Returned
6203,Returned
5611,Returned
5038,Returned
729,Returned
5105,Returned
7567,Returned
6965,Returned
1469,Returned
2060,Returned
4649,Returned
1401,Returned
2241,Returned
4217,Returned
7100,Returned
6578,Returned
7405,Returned
1696,Returned
571,Returned
1816,Returned
6252,Returned
3496,Returned
6210,Returned
7690,Returned
604,Returned
1619,Returned
7085,Returned
2989,Returned
7932,Returned
1607,Returned
2007,Returned
496,Returned
3627,Returned
5383,Returned
7027,Returned
5295,Returned
1116,Returned
6806,Returned
5232,Returned
595,Returned
1832,Returned
3041,Returned
7635,Returned
2441,Returned
5875,Returned
7132,Returned
1354,Returned
3329,Returned
4015,Returned
2523,Returned
13,Returned
5948,Returned
8016,Returned
1295,Returned
7417,Returned
2994,Returned
162,Returned
6402,Returned
3858,Returned
725,Returned
1053,Returned
4511,Returned
551,Returned
1483,Returned
3639,Returned
4982,Returned
302,Returned
2863,Returned
1696,Returned
4546,Returned
6958,Returned
287,Returned
